Date,Open,High,Low,Close,Volume,Returns,MA_20,MA_50,MA_200,RSI
2024-01-01,97.58037305022214,98.78925480654759,94.2604284744923,97.87455741007675,850118.9678977691,,,,,
2024-01-02,96.04921098253583,101.39791987203502,96.94501127106399,98.14643238668909,821697.2678629336,0.002777790099966815,,,,
2024-01-03,95.91501577502781,98.29750359845976,94.53151956182288,96.0787140130422,750882.4904630674,-0.021067687570142546,,,,
2024-01-04,88.20545645759829,91.10238253845179,88.38838274004445,90.27903433135782,697818.1613253517,-0.06036383543702617,,,,
2024-01-05,95.70532525624297,98.56499143480015,93.83585037475751,96.43530581555797,1087501.2325851703,0.06819159652953677,,,,
2024-01-06,107.0335738270898,109.91755970893034,106.92007932263485,108.28321236903145,1181971.5433627167,0.12285859886350936,,,,
2024-01-07,109.34485586618017,116.85891734725469,110.31371104689315,112.43795733809341,1099687.2031103328,0.03836924374669004,,,,
2024-01-08,106.06542148803301,109.66621503433639,105.48187924101438,107.16160042188196,696427.0891369822,-0.04692683005922815,,,,
2024-01-09,106.9336148438933,111.38551311972763,105.74504930941394,108.67648484789572,482374.97905803507,0.014136448317772832,,,,
2024-01-10,105.81368960845668,107.99604778330325,103.03977036982846,105.54898305009051,946818.2815796711,-0.02877809125113384,,,,
2024-01-11,106.53852506440606,108.6185507934394,105.48328586163876,106.46736259055817,1102166.1298058531,0.008700979525608776,,,,
2024-01-12,98.02819629420038,100.27568050763313,96.59350230700232,99.4586871002223,453157.89817591093,-0.06582933323228024,,,,
2024-01-13,99.2950974924575,100.94261811350694,96.18762371192494,98.42235682227742,1116065.5316166442,-0.010419705992102957,,,,
2024-01-14,98.43747516295903,100.54799792823012,98.98614841698358,99.99392590403293,1030269.8128862464,0.01596760261079022,,,,52.08796987157324
2024-01-15,90.8018380832666,93.3489143609616,89.94572925720621,91.90436550818477,1064992.0618090725,-0.08090051793357877,,,,44.926882750520654
2024-01-16,93.52854524084736,96.74424797315058,93.36116460781285,94.80173541516058,1047862.2006814298,0.03152592252777997,,,,47.27927200582308
2024-01-17,91.45865314277972,93.10908793476906,89.49213982894473,91.88380959957979,846159.2668099004,-0.030779244734312705,,,,46.63422991354664
2024-01-18,96.22763099710915,98.78901831014342,94.25783924836529,96.8957067084306,687741.2944605616,0.054546030804470735,,,,55.37684033840077
2024-01-19,88.0665236405328,90.78674364474413,87.35662261047972,89.43065988341127,1159950.0647163938,-0.07704208038321492,,,,44.42643837233032
2024-01-20,85.65342187708957,87.12335697426832,83.75442578432046,85.66676257796505,855649.0854734136,-0.042087325648196394,98.792382704677,,,29.347269585457738
2024-01-21,89.97250288297126,91.3990601189707,87.74233690202466,89.93242566639506,1141103.8428910251,0.04979367680140645,98.3952761174929,,,29.490104903140804
2024-01-22,91.06950573876466,96.13559423694436,91.3068066494472,91.57258656995151,1185976.5257835197,0.018237703380098225,98.06658382665601,,,34.78493055059859
2024-01-23,89.81057587051367,94.74216922053651,89.94712455557384,92.0886515672828,1253756.12254787,0.005635583930318155,97.86708070436805,,,33.48813534356486
2024-01-24,86.08098250299548,87.96837685215402,85.03146278198318,86.34726418647445,1151573.2354385299,-0.06234630742327152,97.67049219712389,,,31.831669647446333
2024-01-25,83.71458539744611,86.57336854624198,83.84983214236001,85.13280843414577,1005434.8625213479,-0.014064785535138125,97.10536732805329,,,29.926089181476726
2024-01-26,88.83469432720082,92.86053630440848,88.67496657000213,90.97719734064039,1002114.5995817883,0.06865025380920597,96.24006657663372,,,41.840911364639965
2024-01-27,80.58073322108824,82.3033775443699,78.74075757280802,80.39963092684124,893078.2345426641,-0.11626612737029263,94.63815025607111,,,35.35141553827512
2024-01-28,84.92419744502435,88.41789888978953,85.51458149786464,86.79571029485766,741887.4280668129,0.07955359115810445,93.6198557497199,,,40.05281555464615
2024-01-29,88.51486648326865,93.18684664683038,88.57712968380552,89.62951189435996,502733.3259901464,0.03264909740211208,92.66750710204312,,,48.13798203690522
2024-01-30,90.58093517334247,94.85453901113594,89.1054051009131,91.74291805656776,885563.8166117879,0.023579355923512235,91.97720385236697,,,47.46374045256069
2024-01-31,87.32790549563224,90.58167985824328,87.63874595223264,89.00534419948342,1008749.0300017571,-0.02983962048597999,91.10410293281323,,,47.60612203414642
2024-02-01,75.43702346385653,77.91298178895974,76.88559748111022,77.02660943920075,1189907.3257455244,-0.13458444397940084,89.98249904976215,,,35.19181526859671
2024-02-02,74.37537537188696,77.77472944774695,75.62757366174131,76.48326812658627,1019462.8005323935,-0.007053943001909757,88.8855446149776,,,39.24036875676235
2024-02-03,79.58179622122285,80.45481814854969,77.61737644336006,79.97378134121438,932237.5034873979,0.045637605454450725,87.88453738683668,,,45.24738438012513
2024-02-04,70.67817162698636,73.45519365803972,71.47591834993335,72.12355194576287,670295.9350363675,-0.09816003774984572,86.89549670871557,,,35.972339426557454
2024-02-05,76.3606936098914,79.43811177026834,76.7281652756867,76.70089204907643,789937.3507745002,0.06346526176020473,85.99045454041138,,,38.80394438792629
2024-02-06,78.59035092690765,79.54387582475705,77.22319844075571,79.07658321643393,1318780.0008809944,0.030973448989842778,85.35009322125407,,,40.47077125389536
2024-02-07,75.63399242371965,78.16476111720445,74.79434762522285,76.2535087904015,764764.507610043,-0.035700510962969,84.31798332535263,,,42.27788951467181
2024-02-08,76.34369066102028,80.06298444683524,75.77942418184728,77.4449733561968,678184.2743619721,0.015625045780782276,83.7186989989919,,,44.116441212223116
2024-02-09,77.75160533665124,80.48431848458115,78.50235208686962,79.2029332712942,1108087.2801469304,0.02269947084895918,83.39550753365836,,,40.38784995055447
2024-02-10,82.93059950183893,86.67276825024773,82.65066887239557,84.03551379675348,800649.8535732372,0.06101517110365373,83.10066194017628,,,53.27546448996289
2024-02-11,71.09740555937591,72.47600786003531,71.66011336055773,71.76482312743951,1453021.371278012,-0.14601791688918087,82.11027376805069,,,37.75515771743995
2024-02-12,69.66778714304608,74.3645780809996,69.85247644582041,71.37961861354286,1247899.0934018886,-0.005367595112895529,81.07482212036368,,,34.51504055831752
2024-02-13,68.8462289502591,72.49612863012017,69.29254978482113,70.53425581095897,859944.7425071857,-0.011843195845032128,80.2841717015879,,,31.608784190581602
2024-02-14,73.15192943801146,76.29822855697114,72.62252693322192,74.29317876118564,1216057.238042319,0.0532921614754267,79.7421902179399,,,37.46430890830582
2024-02-15,73.45366744120835,76.3176823218943,72.75242037738576,74.31249299526246,1121454.423481401,0.0002599731819108442,78.908955000671,,,47.09544276352402
2024-02-16,69.91794438305166,68.81219282475071,66.91368866801993,69.06398558984189,759069.7159263238,-0.07062752430812902,78.34217273382103,,,42.78656802118317
2024-02-17,68.28122294931995,70.64610281290912,67.61745204602155,68.70230048041631,1156335.985686997,-0.005236956806598969,77.43750224309898,,,38.33132388828087
2024-02-18,73.87497131286618,72.98373543088171,71.16680892495897,72.95649703241766,894448.073588209,0.061922184879587894,76.60385150000187,,,50.93166433374256
2024-02-19,72.25499935933104,74.88328195123128,73.22372531956529,73.7557424682864,1286899.7406208664,0.010955096096699979,75.7044927205878,87.49112426885624,,46.401675352086286
2024-02-20,67.91475488694626,68.84486165048467,67.34301154871225,68.5501781627002,1037608.0797122505,-0.07057842727058827,74.68173441874862,86.90463668390872,,37.97086030168648
2024-02-21,68.1277788609229,69.64210625514484,67.03247053790345,68.3510291771598,1080754.6678401693,-0.0029051563522961565,74.24795540564658,86.30872861971811,,40.39325453020214
2024-02-22,71.65272272269932,73.46690728095015,70.0050346634083,71.79312618945622,1093779.371126874,0.05035911022458506,74.01344830879006,85.8230168632464,,43.485725477866566
2024-02-23,73.34352759841677,76.44613206939444,72.98064273314097,73.97808257987009,533292.2171268174,0.03043406111955549,73.71366337072286,85.49699782821665,,44.03657655941709
2024-02-24,68.64989484033264,71.60311145149905,68.88347599717069,69.73468038217547,679782.747347774,-0.05736026198182753,73.5942197925435,84.96298531954899,,33.45511752008683
2024-02-25,69.10982429807707,70.75300173662949,69.35537468653108,69.42709379782838,999117.722202786,-0.004410812276780862,73.23052987998109,84.18586294812494,,46.26025470557623
2024-02-26,74.70459914876793,77.37895045624842,74.65644181802539,75.01638706861834,973068.6620331918,0.08050593745240131,73.0275200725903,83.43743154273545,,54.98743822184822
2024-02-27,81.40897304061718,84.9690780411184,78.86327869960428,82.27136988180506,838910.3738175115,0.09671197316594982,73.32841312716049,82.93962693193389,,63.689543214173185
2024-02-28,86.2610460397347,90.84099969778762,86.07661039042546,88.60648861774757,893147.7917856395,0.07700271364198552,73.88648889023803,82.53822700733093,,65.74791359382579
2024-02-29,79.89582574678421,84.62831798880254,79.47867000109,81.6532286991841,1136605.7637799592,-0.07847348458373238,74.00900366163253,82.06031192031281,,57.0073210990886
2024-03-01,81.15262751573458,82.52660317278146,81.14858068918946,82.38138697084432,1394955.8526507537,0.0089176911098372,73.92629732033706,81.57859240791853,,63.91325151958872
2024-03-02,83.26069909753089,84.94828531867533,82.0828898826192,83.1954276328936,1040057.6269583476,0.009881366313210682,74.49782754560977,81.25332721857195,,64.99980523265324
2024-03-03,91.35537510685597,92.16349914264708,88.72020889651044,90.58305047758267,1039575.600685759,0.08879842384232406,75.45799913881176,81.09654109167806,,67.13162843341075
2024-03-04,87.98877726722846,89.06909838090588,87.5258427961229,88.2745517123987,1153207.848391514,-0.025484886554524633,76.34501393388375,80.86215360784537,,63.70895783573689
2024-03-05,86.37448224142136,89.21175907626203,84.768550692783,86.95558691621005,723272.7135022067,-0.014941619873481526,76.97813434163496,80.76317803600587,,68.75533405476517
2024-03-06,95.9471784781561,97.97068274886122,93.7016023790298,97.00716496158073,850298.1942362068,0.11559439021504536,78.11286793995087,80.80728662693429,,74.3180156423765
2024-03-07,96.21195912785971,102.03166347341089,98.27506453832649,99.06178471035012,1050148.7239065778,0.021180082415387824,79.61275789597629,80.9508461291497,,73.69865393161277
2024-03-08,93.4207299945016,95.12418779192977,94.66452788822413,94.62123935225083,1205944.3098200846,-0.044826018136894574,80.908704839568,80.9053567820261,,67.26372350478266
2024-03-09,100.61917274040782,104.90866749587,99.02680796298922,101.5472834554869,875920.6403102987,0.0731975627316841,82.33824416072147,81.1476892534676,,75.46217641472916
2024-03-10,97.6193099216836,100.42032590690118,96.53496989694227,98.42452584677557,909885.8900628389,-0.03075175920466844,83.57168332964594,81.40284451884382,,72.20817695886991
2024-03-11,95.20394086971929,98.05472501924346,92.43852770952547,95.95892788076391,1053564.648375937,-0.025050646114872066,84.94212081554912,81.5233745631312,,66.84518812458464
2024-03-12,95.79392149954164,99.71134841468277,95.57712782681025,96.64159448181957,1070472.445405021,0.007114154108765369,86.3566490807821,81.62475472136856,,62.92531095771678
2024-03-13,91.12655555608931,92.849267157019,89.26695714256299,92.175047498161,1028900.432798584,-0.04621764580362775,87.37574514621734,81.62648263998612,,53.32138773667545
2024-03-14,91.29879670736591,95.08931167618945,90.70484883540503,92.41030566110173,751946.7622303597,0.002552297713168228,88.29735630027893,81.74774346947866,,61.44299285870665
2024-03-15,95.06000347105005,96.93354947564205,95.376613992972,96.27413060504686,1064875.9520332983,0.04181162389090054,89.6243288114225,81.97056991289668,,63.85434863728084
2024-03-16,100.98722337578397,103.89748140808626,100.41997400437513,102.53262019205268,1022703.7588662338,0.06500697069579897,91.27960513113372,82.20167836992493,,67.39487537698204
2024-03-17,105.4456305173267,106.85562924978375,104.49426467628948,105.26210164900122,1364331.8272544008,0.026620615486427468,92.79189086015285,82.69892778436814,,64.41245699967243
2024-03-18,104.23878299490211,106.9960420334006,103.90195566630386,105.84152220517477,1386951.333620926,0.005504550518149687,93.97039847632135,83.07984402257449,,67.85413790440117
2024-03-19,107.30421529698447,110.33540062995776,105.86555546678689,107.91849268005954,889085.0874190687,0.01962339950911285,94.93599867943695,83.44562363828847,,70.98229273223888
2024-03-20,95.54687351432915,98.22856707959833,93.1251153154545,95.39029566032646,1155570.9258072558,-0.11608943665359372,95.62285202749406,83.51857119036363,,48.45808093503714
2024-03-21,88.59170703436492,91.85522981386147,86.29038026127694,88.83504479323904,1055101.3287796392,-0.06872031186935301,95.94553491861379,83.51516520223875,,41.01831108540829
2024-03-22,91.4968284256825,93.13831086939238,89.8649229374287,91.18253715782241,1293913.327127566,0.026425296120996977,96.34489039486024,83.79828375661118,,46.864672055691955
2024-03-23,81.0399495288656,86.34025471332103,82.21503948062188,83.91921828533495,1429624.871544653,-0.0796569068912375,96.01169878524784,83.94700275978616,,34.02539392825881
2024-03-24,80.97786073186239,83.16281501378421,79.63498476611464,81.14565236526973,1097262.9235987999,-0.03305042607325992,95.6552538178914,83.97044018026727,,34.24210437660116
2024-03-25,83.53880701734896,84.78740778368518,82.10053838171238,84.1779126638056,650254.7037109687,0.03736811782455618,95.51637010527118,84.21152739462812,,39.36592201159628
2024-03-26,82.04002637623587,87.52291851763285,84.3088576698017,84.90301770346758,1118002.171210888,0.008613958421111567,94.91116274236552,84.37556990771596,,39.41234046785278
2024-03-27,87.84551774646323,90.12764229745514,86.7861773756932,88.89882082538509,791849.0512395212,0.04706314604591855,94.40301454811728,84.57201465989498,,47.019685135425426
2024-03-28,85.45561170386458,88.28870686478173,83.89167575825995,86.86910765688293,1081994.4669947089,-0.02283172205949635,94.01540796334888,84.78432663722461,,45.11865221128728
2024-03-29,88.4121391559298,89.70482933192692,87.49590454433215,88.38285549062842,564101.6647490613,0.017425617398126203,93.35718656510595,85.00308427991322,,42.74816508587143
2024-03-30,83.8433011463603,86.0613592020562,81.12397369613319,83.63199007803858,1035955.8274735424,-0.053753246443747016,92.61755977666911,85.09166541604813,,32.135912959550765
2024-03-31,85.55593260313479,89.19670168622179,85.73413057006212,87.20426034560475,806833.3414710786,0.04271416074438528,92.17982639991115,85.15504034702515,,33.20012688462208
2024-04-01,85.44349658485739,88.53182370866627,83.90641329053662,86.4120269251373,1197063.1330255915,-0.00908480178981741,91.66834802207704,85.4479844229791,,31.995320876021836
2024-04-02,87.42167655041531,89.17399368745197,86.97211770399136,88.03702409830056,1029667.8072131692,0.018805219955910557,91.46144685208401,85.78113253267425,,31.42086237101168
2024-04-03,79.89563765180934,81.24280238737336,78.66856464754567,79.41508338339781,630013.3391765719,-0.09793539483201574,90.8116857381988,85.95874908412303,,33.89548926875493
2024-04-04,84.20388785182278,89.02149969139602,84.4932093833521,86.49676160840986,943206.2652257258,0.08917296215409509,90.32281728836696,86.20282074106751,,47.66754756528419
2024-04-05,79.84587487287085,83.17724192795123,77.94145315368866,81.11373649602206,919091.5252321258,-0.062233834103037955,89.25187310356543,86.3388456110827,,40.52981442418076
2024-04-06,83.73240046520628,86.92894471021012,83.07061770719307,84.59776962374488,840182.1575673404,0.04295244280718946,88.21865650230262,86.64952129176078,,50.687053782368814
2024-04-07,77.82640204012196,79.97542605788409,76.50784820084456,78.0351708229671,636892.3853399032,-0.07757413499156585,86.82833893319223,86.83617869861179,,47.074980584205974
2024-04-08,76.8198925479094,78.71660929593263,76.73453428065415,77.39845081265874,998285.3015342352,-0.008159397917547273,85.30233683982219,86.92501777421661,,43.32398058996779
2024-04-09,78.674768132842,77.86164616987841,75.04611199761739,77.54705962371668,967504.8830356547,0.0019200489092170425,84.4101750379917,87.00084411732522,,42.6730909459013
2024-04-10,80.7430535943001,84.52554053562274,80.50724798067891,81.81722697193509,1010562.593786879,0.055065496602174635,84.0592841469265,87.2661850935099,,42.98471454420197
2024-04-11,80.00839477086956,84.26360275759285,79.75771690452696,81.47053413264933,1208254.8320412238,-0.0042374063765895364,83.57368399566785,87.5285751926197,,44.46749323920406
2024-04-12,76.9265051273346,80.03819583156522,75.9844272874491,78.38134839942188,666990.660073484,-0.03791782840404212,83.2967905013722,87.660339636819,,40.070978143555216
2024-04-13,88.86641704543253,91.7829483918777,86.29394448005526,88.5619890147901,1040506.2142178889,0.12988601017028834,83.66760733384822,87.95201776551741,,54.41797409973926
2024-04-14,85.54622002163909,86.58718245302902,85.05970719320378,85.76184428960337,953512.8367699237,-0.03161790691849853,83.7468039151381,88.27256104366597,,48.68925286283303
2024-04-15,87.73617475670302,93.0017366889535,88.10476909869071,90.78291946870283,816777.8232907483,0.05854672576937747,84.04079900339987,88.69967755708345,,53.68842301270931
2024-04-16,92.77932215367306,97.82823275310392,92.97675051081724,94.45079516049432,1380468.4605331188,0.040402706954759005,84.31839772015533,89.08836571892098,,55.231939972793604
2024-04-17,95.53116240958158,97.6363752316142,93.18907515336808,95.04579667482365,1044139.355980999,0.0062995924313635765,84.72723217105236,89.34385425478136,,64.67191873876413
2024-04-18,96.0559765266033,97.22662476750851,95.54504637510699,96.57692274012828,1138538.8224867368,0.016109350638019437,85.13693553352735,89.50326293722895,,60.5624653599604
2024-04-19,94.67656744852799,100.04815796245732,94.03353264714065,97.21645876266457,824360.641422506,0.006622037691728533,85.81615896775865,89.81452753849857,,68.73568281415798
2024-04-20,95.02531132158396,95.04802393971721,92.52596986892395,93.61195621028266,792894.1886031769,-0.03707708137344956,86.13654376099255,90.03913892328734,,60.458779114692724
2024-04-21,84.30678765739694,87.3271691198146,84.83247139171449,87.0853456272098,841395.095633988,-0.06971983972231044,86.17020969609618,90.11693728317367,,60.50931117331481
2024-04-22,93.84602277397471,95.70394970851103,92.03510085797718,93.33014838300205,1040694.410194028,0.07170899662642038,86.43486591033125,90.17187924128206,,66.36841660342643
2024-04-23,88.71936319071668,91.58893754121246,87.2165942563966,88.92938573632773,1196049.3718186785,-0.047152637415883714,86.91058102797776,90.18497592176064,,60.75465756689318
2024-04-24,74.13120415488487,76.70547350328413,73.75248491279612,74.71623336206287,767984.5358478897,-0.15982514954512705,86.3215546156604,89.94018885067767,,44.351838768726196
2024-04-25,70.65504359900413,72.49004871781584,69.81480555785755,71.2288794830116,1012516.6729588638,-0.04667464782588959,85.82731176500988,89.42462314110631,,42.24137883182763
2024-04-26,69.35486620843442,72.10655364882952,68.7015151176206,70.29361797972199,1056230.948523344,-0.013130369452360569,85.11210418280874,88.84925980649373,,43.666403087426644
2024-04-27,72.66081599324268,74.8739075749103,71.91653001436435,72.98375359575213,1085025.4541993826,0.038269983724641854,84.85953332144797,88.41651009136376,,36.179053950609415
2024-04-28,70.90933988895996,72.44388175822307,69.9258389373243,71.59953166684562,873444.3506891811,-0.018966165217721542,84.56958736415733,87.81755505559094,,37.111442462043996
2024-04-29,70.58602655717164,74.78499234534058,71.79881706442688,71.5869773789471,854721.7492502797,-0.0001753403633552031,84.27158325191884,87.28080408623438,,30.77826134563739
2024-04-30,69.08702128728851,71.08013879366553,69.41273251318668,70.16677747087543,929940.6787047442,-0.019838802531832123,83.68906077686587,86.76496107803659,,24.537165964990805
2024-05-01,66.7869660999613,68.50022494624815,66.80194696478469,67.36019562938854,1167437.5671212203,-0.0399987279257884,82.98354385170282,86.17933310098799,,22.25713877916735
2024-05-02,64.52388053112844,67.97089758211206,63.360082148485844,65.81229702362779,813062.9405214953,-0.02297942562811406,82.35509128291312,85.65207809149733,,19.18210524745686
2024-05-03,65.89363912813032,67.52267708928106,65.29877091228263,65.87893913972692,596057.7419401156,0.0010126088757425045,81.22093878915996,85.12145076106982,,18.243729877013436
2024-05-04,69.23103073514952,71.16494766686735,68.77913238486227,69.78243012262041,942052.2125897893,0.0592524869687765,80.42196808081083,84.5916167514213,,25.9974970082894
2024-05-05,72.31751084531469,75.83267097355095,71.08299245159031,72.9609125036061,883728.0021202776,0.04554846220460518,79.53086773255599,84.00018259765237,,34.744045163319655
2024-05-06,73.57130567387416,76.8823020105504,74.18819568791183,75.7050005265339,1374262.909803255,0.037610385187989204,78.59357800085795,83.40904057520302,,29.405459691745477
2024-05-07,70.97152084766768,72.72371536364302,70.30330872126306,71.69548087210353,995147.6349097869,-0.052962414986379436,77.42606221072195,82.72611974854159,,29.676799153041713
2024-05-08,69.47182745441678,70.20286088664815,68.49689337544417,69.21340449854776,783451.1367431672,-0.034619704664280104,76.05788629864293,81.95201798491135,,41.02853483326854
2024-05-09,66.24414602833016,67.5844335455308,64.71767060777069,66.71049354345666,691314.5880972224,-0.03616222859176954,74.53258803768253,81.37842194257396,,42.389206018846245
2024-05-10,71.7194923809703,72.781201440593,71.39771750120673,72.69737831158929,726397.6616593858,0.08974427335382607,73.48685914274786,81.05566861294096,,53.46007306730617
2024-05-11,77.09534477637735,79.29431857174083,78.10515799524099,77.97886026065048,893489.166904743,0.0726502395509252,73.03153487441989,80.79159507499753,,56.69100402534999
2024-05-12,82.8385985398231,87.24934711578364,82.62018393013987,84.64629388759357,983052.4426506006,0.0855030915386128,72.59734214964946,80.8061365870427,,65.30941922044491
2024-05-13,73.3310468991735,73.9642306561216,72.73804181518207,74.02575115795909,1398428.2287019703,-0.12546967199459524,71.85216042073104,80.66373856289648,,52.291295294488535
2024-05-14,66.2237888132306,67.02264905223034,64.87180909989853,66.66881959155465,753635.1309748801,-0.0993834098448515,71.44978973220563,80.31355670145146,,47.043394543962606
2024-05-15,68.83897824800464,71.58560572304748,69.06466842766896,70.20145798805157,1447292.5149110942,0.05298786476406159,71.39841865745763,80.01952550714316,,52.372423062994685
2024-05-16,62.0644853919068,65.68953239046151,61.75580456703887,63.42444275344489,1054387.874708717,-0.09653667357963047,71.05495989614377,79.51003794570434,,48.16629612856067
2024-05-17,66.28409190766428,69.40438028927491,65.33245523477869,67.63588511659933,1127141.442837994,0.06640093598497865,70.78756647218613,79.12537349489868,,51.26846258341435
2024-05-18,68.30585662465155,71.22180143123866,68.65945021658322,69.77019718032119,830711.4819140702,0.03155591236874433,70.6960997478599,78.75312032869253,,49.99093664923994
2024-05-19,71.47219647042998,73.59547506365061,70.35704217721857,71.37709146475584,1175107.759329413,0.023031241839285954,70.68560545215036,78.50802235642688,,48.79857321190025
2024-05-20,74.03027993827656,76.92302673771704,73.14535987456578,74.69285981210297,1038379.4561983311,0.04645423733726073,70.91190956921172,78.25779434575684,,49.238830007272995
2024-05-21,71.87173279800795,73.82753268667837,70.05068825023491,72.32414307694145,747624.9822429002,-0.03171275997625811,71.16010694158936,77.97603666879291,,50.48474186596777
2024-05-22,81.0328704735763,83.1211403636054,79.91345803960951,81.63940774496416,1102190.7481547382,0.12879882528456288,71.9514624776562,77.84808434172619,,58.66790510424324
2024-05-23,81.6320528011734,85.99439455807386,80.4924005470844,84.1732989165269,986380.9633535326,0.031037598649397813,72.86618046649619,77.94324865238877,,62.17612315635747
2024-05-24,80.58581027180249,83.36629980131359,80.38641911700361,81.3355371352759,845500.2450253172,-0.03371332498284474,73.44383581712896,77.8400241629261,,56.299698705232956
2024-05-25,75.69182235648408,79.32128325398425,74.15487955625284,76.73965467835293,928025.7752416282,-0.05650522045829942,73.6327729258663,77.75254252657271,,49.087134589711454
2024-05-26,69.13035361002332,71.12594027857503,68.24852816249528,69.22789759574444,969267.2397960604,-0.0978862507799041,73.30891777932683,77.4451450860127,,38.78153281528671
2024-05-27,70.22895796314704,73.37271510890625,70.28687080959773,71.7241426547533,1458576.292219504,0.03605836874587265,73.31035086845932,77.31892452264843,,48.10081137929744
2024-05-28,78.97950606255668,79.96905980296711,77.18866852184391,77.88041581316173,1120060.7555605103,0.08583264895952647,73.74370143419002,77.3285638226585,,59.43834572508712
2024-05-29,80.52660430333431,83.54319323030062,80.46913791893017,81.36083158938428,1196883.3449233328,0.04468922950504273,74.4762183364864,77.40483926197184,,59.40265011804985
2024-05-30,82.72610731407669,85.748634283677,82.12389209111684,83.74170618179164,1111698.3047880991,0.029263154590445595,75.02843472999652,77.44332884616897,,68.48856011716583
2024-05-31,80.77172285119967,83.72405836455997,79.27956048928323,81.27173655548806,1023860.7465961272,-0.02949509556136365,75.1930785447384,77.43935289462576,,62.81467988248352
2024-06-01,74.41480764683745,75.57680638877945,73.27287007752234,74.99500320360222,1469989.6889205636,-0.07723144130924797,74.71051401053883,77.37162599070935,,54.555474835111106
2024-06-02,69.62938213636478,71.64356984043405,68.05923434982427,69.86767625665361,732071.0150522876,-0.06836891429991077,74.50261026547355,76.99773973554662,,48.76006853858574
2024-06-03,61.94825733874643,63.38153521610926,61.5043544265127,62.527969285553674,526534.6668145945,-0.10505153977267079,74.2955677501735,76.53306223546564,,40.626647464781186
2024-06-04,52.10000175027865,53.73353432230142,52.43107332106099,53.097465653578055,1085239.0070100625,-0.15082056461658389,73.44036813344982,75.77935315916314,,36.63934607873757
2024-06-05,57.92693705541695,59.412949511459324,56.75897941029626,57.54129014154609,1121160.5826844312,0.08369183789224,73.14621050285488,75.04116305878416,,32.038089819843435
2024-06-06,61.35545125168831,64.07128094357178,60.80287782016867,62.79918544540981,1359090.4705258636,0.09137604129017274,72.90437551929543,74.39623083419589,,34.690164495231
2024-06-07,53.92459238167502,56.0920406816274,53.805886943759695,55.110837804563516,1340783.0194238278,-0.12242750580785222,72.17140755050754,73.56690913548461,,32.436250929976836
2024-06-08,49.5240610905057,52.063478595488085,50.03943766654022,50.604313288437524,861315.4839101202,-0.081772019726995,71.13276864169161,72.63466622600005,,32.475121475723384
2024-06-09,58.55179282493507,60.468926897450054,58.15267971494106,59.13088201451468,1075765.3156235483,0.16849490037493253,70.35466975181221,71.94504474208469,,43.32041944724184
2024-06-10,61.08303085568067,64.15461305539216,61.66637758161621,62.70665073200503,990121.8522706977,0.06047210181327278,69.87379513456537,71.45747084418059,,44.1185718442746
2024-06-11,64.15895153853104,64.03552067958739,62.68947166545849,63.72930558367647,776228.8150265126,0.016308554830045896,68.97829002650099,70.86545398819409,,40.10787014014761
2024-06-12,73.13878171612554,75.66593278415813,70.56688583066013,73.69872952993593,1113250.7456503476,0.15643390203223895,68.45456155717144,70.56084086406626,,45.08941117920458
2024-06-13,75.95573654559792,78.9813456281341,77.10475567891312,78.21813814662659,817241.8262566956,0.061322747970233404,68.29869160773897,70.63087895975752,,46.55443100950111
2024-06-14,80.99611602498005,81.67565635425913,80.109509480002,80.96729422022517,1034251.6595342997,0.035147296250455984,68.5100735848326,70.8256472545018,,49.81074985295609
2024-06-15,81.26348008444198,81.94423697006307,75.90590842872943,79.7974049730943,874997.074583704,-0.014448911235058093,69.03854895370009,71.01572299436924,,53.1877028091103
2024-06-16,79.83630465438159,83.84145772775929,80.21532147523361,82.33885522053386,1012521.8576204348,0.03184878315650086,69.56928458198911,71.20282502686487,,58.57230302013024
2024-06-17,75.68877710318299,79.23442525188646,75.54916820061968,77.1198100629075,1013165.7793364016,-0.06338496137270577,69.5312542944764,71.31323059478612,,60.33117069521092
2024-06-18,82.24256473515214,85.46873984624366,80.18131488524226,83.56711058473572,1378617.7158989843,0.08360109440841557,69.64156824424398,71.55283325890188,,72.52430524796969
2024-06-19,71.5202609070836,74.88894814487097,70.6822922139878,73.06367921461964,1160221.14005354,-0.125688578875367,69.10766689588539,71.61077129377676,,60.531241109369084
2024-06-20,79.62699114197373,82.00502027836141,78.76566322917904,80.7925898672395,1103479.7448235874,0.10578321179141148,69.08370956147294,71.8794191785338,,61.81167465497274
2024-06-21,81.90600659735273,85.1593712456217,80.79886359531157,83.08167070852181,1281614.1017939234,0.028332806821068424,69.48804293671893,72.22480665223168,,69.7621738834185
2024-06-22,79.51291399495591,81.36951802343566,78.70603667811608,80.18826081332617,951491.9579772826,-0.03482609185059227,70.00407216455255,72.51099308570366,,71.38943974840582
2024-06-23,73.36049592026254,77.39348911231416,74.75339689121633,75.35617933032826,1056627.885977397,-0.06025921293201164,70.64548266679128,72.62246806985782,,62.39310004061539
2024-06-24,75.22485541644693,76.89160666138584,74.3476710512986,75.32492789404151,1055566.7861611426,-0.00041471630547718075,71.75685577881445,72.66974837766652,,60.18975419747975
2024-06-25,73.50537984265209,74.50225428079415,72.71222105687256,73.54142238618664,719486.0980212598,-0.02367749372908401,72.55686239104648,72.62647681485959,,57.82748280338871
2024-06-26,73.7024122132539,76.27420457710791,70.81871355356371,72.99014532611145,1141377.4381985865,-0.007496143563559099,73.06641038508155,72.65237010393975,,49.33477762625048
2024-06-27,77.76647439999175,79.89080518382912,77.30724111214774,78.3496830108173,1052104.461153303,0.07342823693198675,74.22835264539425,72.83509567418513,,50.12157717207467
2024-06-28,71.08981442670218,72.45048198085486,70.18522013491413,71.60686851651762,1319716.3250961273,-0.08606052041549084,75.27848040679825,72.93302317364635,,41.94358354359162
2024-06-29,77.44349974725007,81.03771544309434,76.13077030985093,79.37383356682246,1116569.84683343,0.10846676039901415,76.29062798441365,73.06655227875102,,49.672614774906826
2024-06-30,75.83397307261447,77.1229291869248,74.18672329017274,75.80988758732158,1142231.0085467238,-0.04490076665505249,76.94578982717948,73.02317282528443,,45.03217655962656
2024-07-01,74.34771462304549,76.27032003581161,73.752167801541,74.56671714138798,932946.9567841594,-0.01639852643893791,77.48766040506504,72.82158129036031,,47.93227233686896
2024-07-02,73.84590132471078,76.65702916519525,72.83146882059674,74.88624857087191,717826.4134858322,0.004285174964563154,77.54703635711186,72.83879123861858,,42.19472068960749
2024-07-03,70.08099505800263,71.90779762958904,69.65215654760742,70.62209331595903,1214333.8734547424,-0.05694176616254598,77.16723411557847,72.91785671310667,,47.5272393758888
2024-07-04,66.38191995320004,68.99887087110561,66.81041320614682,67.81734953602313,1045463.1637226804,-0.039714820791103556,76.50973688136835,72.87017454406609,,35.40319156131173
2024-07-05,68.38440483355133,72.82903881417396,69.95096646220775,70.49013820534591,850053.7287245158,0.03941157664828898,76.04437354298095,73.01148845310412,,35.9560971035439
2024-07-06,74.44781244451345,76.80187220237943,74.0623287460015,75.46506749845895,864253.8685301807,0.07057624541209573,75.7006841568772,73.1680721007413,,44.96576094616016
2024-07-07,61.78546799715981,61.97073619648143,61.950818026826695,62.19253297947803,1012612.7561637925,-0.1758765341229166,74.95432030270572,73.01651881672444,,38.108967738667175
2024-07-08,58.16874462042789,59.62917344472301,57.31432299934871,58.7260094940592,1083105.8080399456,-0.055738580169466645,73.7122652481719,72.76349717731051,,35.88201352400446
2024-07-09,60.33686986356387,61.02270971589912,59.2594983675702,60.64888691549146,847267.5200685567,0.03274319910374257,73.0915256332155,72.48261771937828,,39.06036349162501
2024-07-10,53.436889798171485,56.254859428608825,53.26396789748785,54.45591072063388,701120.4911285765,-0.10211195142768092,71.77469167588521,72.12525307225214,,35.64739504141137
2024-07-11,47.8977587296132,49.89355669038162,46.78448467429107,48.0705913821993,1095659.7162386389,-0.1172566807521066,70.02413770956909,71.45387674499683,,26.919058040391164
2024-07-12,46.04489862777542,48.14538360576569,45.82461416703659,46.4271363861011,1103759.4040538354,-0.03418836650107815,68.33608148820784,70.69895349438832,,29.188211100737547
2024-07-13,51.16523690654353,51.56202051631514,49.51839791907349,51.38092336769944,1373724.7422092871,0.10670024832893543,67.1373186900764,70.09986121903678,,25.73461152533153
2024-07-14,53.413342186291146,55.60533433813739,53.93288534707715,54.50974872800724,931988.8769138204,0.06089468921990471,66.09655973177469,69.65526310002987,,31.395834377919982
2024-07-15,48.356975998722255,50.04498954922736,47.88038560396631,49.17815111818764,1090609.6312998019,-0.09780998324580803,64.87839616837473,69.25426817047874,,29.303039365004253
2024-07-16,41.862115245685,42.63454433700597,41.201136756864166,42.44630636519655,1151188.2219991768,-0.13688690200680287,63.35120422032899,68.6687114446876,,26.05779607384082
2024-07-17,42.59795514408795,43.42356980764185,42.918912208064334,43.20413386835243,977165.432282047,0.017853791485076265,61.593926763205744,67.97518580579143,,28.65975507175679
2024-07-18,42.19135447521011,44.402783703401184,41.82598837706933,43.234501991531005,1138921.3591096736,0.0007028985529744514,60.17530843695641,67.21265921383434,79.77736671549691,30.002777286790007
2024-07-19,46.90758371846967,49.13827302832686,46.602173832377765,47.42593772707717,1063391.1084588002,0.09694654829994809,58.57791364496914,66.48634384474006,79.5251236170819,31.69051652812375
2024-07-20,45.893262757454806,48.514110441829274,46.246220738143165,47.24304229950771,920638.9432626679,-0.003856443042243529,57.14957138057846,65.80576995962045,79.270606666646,25.751052127762193
2024-07-21,59.765985808016865,61.922974425512244,59.93203688371363,60.36615843823412,1070073.1658125632,0.2777788114391433,56.43954344542077,65.51319306431309,79.09204388877195,48.42670150540981
2024-07-22,65.07056915901643,66.35278686576729,63.951236982466995,65.34783692126703,1175730.7840097677,0.08252435821520931,55.962622862940506,65.42279627760537,78.96738790172151,55.55914148817555
2024-07-23,60.19668099883612,61.68522797510691,60.07533587195196,61.21562596735721,816457.4191679502,-0.06323408927656515,55.49229949551043,65.39654941124144,78.79128950248051,50.458769208690036
2024-07-24,60.19486111054478,61.435143454636275,59.13400947641163,60.18455523422273,1154156.331570358,-0.01684326047215945,55.110659780420406,65.53829120285432,78.55079621680646,55.060154385601265
2024-07-25,56.627910840832,57.86684473811303,55.56747774771542,56.73251833725202,1065441.7276418088,-0.05735752110381598,54.4227787870157,65.52211576676845,78.27226902180226,58.069293855479664
2024-07-26,55.69516738603067,57.80871887727981,54.91460484988216,56.578402010416,1054673.8046641,-0.0027165430224666,53.47844551261356,65.39770009806857,78.01935302974493,59.72663739704042
2024-07-27,55.9218949183373,58.038709131037265,56.66584789037202,57.19203094709147,1203672.27602657,0.010845639234605908,53.228420410994225,65.43932396091913,77.76193076024092,56.07314521374478
2024-07-28,54.96375745726729,57.60936203546352,55.18117141906593,56.2622652451509,837534.7235302697,-0.01625691003700669,53.10523319854882,65.5524830000534,77.5154971712162,51.91978368653312
2024-07-29,55.282414670352125,57.97632356083437,53.45109305411292,55.49472401772691,524739.2865389402,-0.013642202710459572,52.84752505366059,65.47975984011764,77.26063397835205,57.68822310314414
2024-07-30,54.22759423350093,57.26410222808492,53.674211072962315,55.85594876223007,861113.1784308678,0.006509172734830981,52.9175269557404,65.34274580072214,77.0426202866621,69.31728728826633
2024-07-31,63.910383112738664,67.34379573572231,63.54140640335008,64.74562888531878,1093317.5927987904,0.15915368586666867,53.751278830896375,65.36307226675498,76.8742366469773,75.14134928242781
2024-08-01,58.780327423994976,60.920418688273436,59.25622726678336,59.53758443990037,859304.049724262,-0.0804385490585503,54.406801233586336,65.07984936495427,76.67195493965663,66.97585391547756
2024-08-02,56.79867178873126,58.69852645041801,57.44409166848724,57.77082188156085,1077686.9576646562,-0.02967474369275025,54.726296159279414,64.67090303965296,76.50128722152351,61.34462399405161
2024-08-03,60.3840019592686,62.14480639160594,61.74350905050208,60.78985297944148,937106.2265847801,0.052258752767445626,55.040301371851115,64.26735421483728,76.33122780934492,63.985996604649934
2024-08-04,58.09696774116183,60.5343544193566,57.90006117605902,58.92629045069944,902064.8640179288,-0.030655815689705213,55.527708338476714,63.849931924389395,76.16644021360052,48.06315006015809
2024-08-05,59.40797352880559,60.12604610508497,58.4559775543355,59.51841864773786,1113671.6989688931,0.0100486250281413,56.38131395260378,63.39352319293347,75.97955377329704,41.10848808099592
2024-08-06,54.931818381492405,56.92419750618706,55.51638199755264,56.10856015059123,977278.692421955,-0.05729081139282299,57.026535266715726,62.97329819468714,75.81294327463296,42.034759173096845
2024-08-07,55.261299072623764,56.242033082754915,54.78824011858384,55.022972167091,1004667.7551191289,-0.01934799218847527,57.61595877549372,62.40241542633426,75.65972432257858,41.96339798967723
2024-08-08,55.91094417823825,57.60281606975369,56.32125833470348,56.88852856184832,935365.6721842665,0.03390504586142851,58.08908831723228,62.07891241327882,75.49450483705584,50.25553254061748
2024-08-09,52.2681152490747,53.777789064218844,51.83775572186188,53.18895178380696,909316.248191259,-0.06503203495620813,58.38638379144724,61.526839651610175,75.30258666312513,45.02604003476421
2024-08-10,58.17757860409487,60.04629362236876,58.58611585828907,59.00947228751704,1006472.2445460963,0.10943100603614653,58.318549483911376,61.04539568319007,75.13719076672629,52.313511937042875
2024-08-11,60.65670178944205,63.08358665648752,60.662562421020766,62.2117235048258,936316.0106254134,0.05426673198679266,58.16174381308932,60.68586493702007,75.01651306331806,57.15916769679488
2024-08-12,68.35328519711007,70.52215669053064,68.25536804971519,69.93646102412404,1064110.5366354391,0.12416851815235486,58.597785565927666,60.57747057089598,74.94053132626794,64.88577288657666
2024-08-13,63.73093847041341,65.2577840942006,63.03743897185152,63.79941738124781,821850.5510399817,-0.08775170423277934,58.77852867327893,60.346960360640104,74.80464242647098,57.31653769890401
2024-08-14,58.57653003170626,61.60385294528337,58.81731489814189,60.02895671204783,914664.7693927584,-0.05909866929769503,58.94335059201872,60.07671104715733,74.70278905539702,45.20323353404844
2024-08-15,62.38339069212988,64.92316770703188,61.136920470982126,62.87239092440893,1094412.1805409556,0.04736770998704398,59.25805003771835,59.874355959123285,74.58317245854477,53.562788478409615
2024-08-16,59.32084526192363,61.79445958846024,58.24295217295747,60.321037904139615,1081892.8671864534,-0.040579863160234986,59.414500385570776,59.51378305698973,74.43663008859367,52.67963700963642
2024-08-17,58.04927629226377,60.243028945810934,58.087672062452434,58.787557580366865,1273304.8014025225,-0.025421981733963372,59.54076500233157,59.257396838266715,74.27185328621268,47.82829188740063
2024-08-18,57.490401385512314,57.63235773448806,55.235509990757386,56.72769053089962,1256052.094935999,-0.035039167032092755,59.6024133279902,58.80447397754826,74.11046501786974,47.625489504520246
2024-08-19,55.445842278437055,56.54284921872804,54.63991923761356,55.38451745798032,1217047.5872342477,-0.023677556063871008,59.578841762777714,58.39596657496143,74.00225455796364,45.606616895026775
2024-08-20,51.850406112802936,53.0059061984958,50.75897858562281,52.2526904904647,826711.1753434798,-0.05654697578419288,58.954194843035,57.94968604194297,73.88110166978304,45.87773906734982
2024-08-21,58.90274207217575,61.17092256164303,57.33513643794991,58.95686739524578,891146.4464111037,0.12830299917292276,58.925158990802274,57.63109841843045,73.7760171000532,53.754615472474725
2024-08-22,58.25880687881091,59.19481771025149,57.056055180308235,58.42799103150682,1069870.5842569494,-0.008970564195573405,58.95801744829957,57.387216372741406,73.70753929548191,51.50777571133447
2024-08-23,63.69252105941436,65.61990340504937,63.55373147145896,64.28682034896856,987326.8255098816,0.10027435847148003,59.132865816775926,57.316605789000306,73.64546893698137,60.42836134606858
2024-08-24,60.31531260851134,61.31454536737467,59.28998238414406,60.00201352129207,791339.9716674828,-0.06665140388678814,59.18665197030556,57.10684329531923,73.55009608850567,50.960381567973286
2024-08-25,56.78538092902725,59.328994879948844,56.51065866525014,57.81475168469183,778977.0873691991,-0.03645314062375726,59.101468622153256,56.753836979043896,73.45790230297712,45.66025447105463
2024-08-26,51.862758926560026,53.612761446634494,52.14281798157885,52.92597907762058,1139037.1735469336,-0.08455925978431023,58.94233956850472,56.568505901006745,73.33530733158423,32.215301324528525
2024-08-27,55.76810607626038,57.7329331167612,54.14809578751676,56.57443241244712,1027254.2104117264,0.06893501827289317,59.01991258077253,56.5254743593745,73.22216482729,42.03151954983379
2024-08-28,55.713189966045114,57.296629251145895,55.592225260099845,56.42198694809373,945034.5852436547,-0.002694599978343759,58.996585500084805,56.44093636002654,73.0840971930467,45.676833487114415
2024-08-29,58.45599730602118,59.87385471777334,57.87622686124992,58.6387243600914,1393883.0875584192,0.039288538598206246,59.26907412889902,56.52459263281569,73.01846669920997,44.848308188710334
2024-08-30,63.712880852240694,65.12179202825327,63.10773314359021,64.45576066316845,854429.9008474447,0.09920127640150422,59.54138854768159,56.852296018435084,72.98384740945808,54.66086509454827
2024-08-31,66.24273338339151,69.16293032012969,66.39914395776988,67.76821000623144,756720.0513909659,0.0513910519243288,59.81921287275188,57.27911749083769,72.97001718043445,59.73307503171338
2024-09-01,61.526699518278996,63.58923691576595,61.27549222196081,62.52481641877745,1282546.4394680688,-0.07737246692766198,59.448630642484545,57.50199535185925,72.91117536872241,55.87726363021021
2024-09-02,58.93916414220542,60.983724004278066,57.674906956510846,58.98871878745399,1273662.6634144236,-0.05655510617799264,59.20809571279485,57.59157475304818,72.83455649768337,53.49846621249405
2024-09-03,60.54981155559771,60.57239605383784,58.6409011762427,60.061160146714016,672832.2339320749,0.018180448419709005,59.20970588452816,57.80923493361871,72.78954237046773,57.89503423924836
2024-09-04,65.13564584604559,65.14091270802668,62.155925502977034,64.3936325721045,1152621.1375404962,0.07213434463815482,59.28576796691294,58.248181457756864,72.76799903092616,55.773955663726575
2024-09-05,72.60554819296134,73.64576246742247,71.08950136501302,72.45199736945357,1142039.0267304878,0.1251422613614126,59.89231594017865,58.83313872777889,72.76547653261134,62.8402478988391
2024-09-06,74.23074424725917,77.09780648943241,73.65147688419246,75.1871819016159,1204395.017619117,0.03775167878691943,60.71229715624109,59.47219232598059,72.772633729778,60.585769944544694
2024-09-07,74.02879837417464,76.17892058096356,73.81652620807812,75.18071848365022,701352.1193825421,-8.596435991092832e-05,61.63494855387862,60.02728794111206,72.80578643138274,66.0765568525853
2024-09-08,80.2448237627211,82.02501279560175,77.79798181909796,79.68596286868413,1042065.3359651015,0.05992552978878063,62.85002082441381,60.67614635249558,72.86246109984037,72.08073233834946
2024-09-09,78.20404442151535,81.06675772857336,79.73707142972263,79.60146256180093,1144880.8471793775,-0.0010604164628398305,64.21745942798063,61.06085243496691,72.90150278170209,79.82414738489182
2024-09-10,78.30179702908352,80.05197646703077,78.24679266118125,78.40805820141563,971723.5221987149,-0.014992241624439573,65.19001896828912,61.32205686056988,72.92365265980982,75.8286852622681
2024-09-11,80.40266391811865,83.29036541845866,80.13335296565238,81.45081061895783,612546.0780884551,0.03880662890191644,66.34115994766167,61.7267605536019,72.98223331099373,77.71339700489663
2024-09-12,84.29341558304077,84.72296213926279,82.88646936874844,83.55017152815668,953668.3158310656,0.02577458582972314,67.30432750662108,62.19407287948057,73.05284869964538,77.65531592204896
2024-09-13,86.5344079441809,90.09525902999086,85.4673345956895,87.24176679178638,952448.1830497392,0.04418417336684488,68.6663151701458,62.80425784857127,73.11397559826122,76.54862316013606
2024-09-14,89.31527363337024,91.22178764032867,86.63390402082294,89.257967084816,955407.6090967774,0.023110493599258985,70.238475940152,63.45784915005927,73.14890858427627,75.81818902281452
2024-09-15,83.85030899347747,84.59718848880428,81.98643672736699,83.60320990359182,1193019.5873561155,-0.0633529685462233,71.77233748145055,63.986072729189274,73.12389219070549,75.07610707994883
2024-09-16,86.8170792729014,87.0036055824716,82.99168974848672,86.2533785359104,1178854.562599118,0.031699364598257285,73.25628478762373,64.58589499500445,73.14689293988913,83.13409231626487
2024-09-17,83.09731499131921,86.0232547343365,81.06720103311353,83.22602251492958,1097834.3902065456,-0.035098405098652696,74.59648656596552,65.14052096494852,73.15111611760955,76.8747464620341
2024-09-18,82.59732133719652,84.94261646563751,82.1835673806573,83.09530819782637,1149571.8384672978,-0.0015705943063633043,75.81931575785225,65.68530815366044,73.15061552043422,74.04057421171751
2024-09-19,82.16155207016494,84.9875384895148,81.62503668946486,83.29532428061657,788030.0220604907,0.002407068306600646,76.76129393872466,66.0563020615664,73.11417688944938,67.46798342125744
2024-09-20,92.65260341673273,94.06925544222436,90.69031116351903,92.05166608204958,946039.2374011632,0.10512404960371446,77.97546674251558,66.70658369440939,73.13306246129763,72.75363729089784
2024-09-21,91.31733463960637,92.98270243078103,90.84863685267558,92.17534432423778,1130944.293752067,0.0013435741845015947,79.45799313778859,67.39467414326292,73.15916124833777,72.85693000915145
2024-09-22,100.80779662345137,102.76322075186484,98.69933093368014,100.8950569067022,1010661.5408246899,0.09459918643527687,81.553310043751,68.19677822180813,73.17860070806339,75.62069086786425
2024-09-23,96.33061925055904,96.03021064667499,94.29486156191298,96.01864796251667,1020194.322355423,-0.04833149505723311,83.35118443454114,68.93862537204447,73.16338502432421,67.77426201970113
2024-09-24,90.15804783027205,94.19824552194594,91.04208172370069,91.19016895740677,1033162.931647186,-0.05028688809485027,84.69101125380625,69.57206037823785,73.14622967235,62.82892563698731
2024-09-25,95.11428104495647,99.80173596384493,94.89731886797256,96.15493387981999,1029340.2382559952,0.05444408075098717,85.87615807932457,70.37298785282243,73.11926792447166,64.20975063350161
2024-09-26,87.15360796712797,90.19553180873926,84.25273259857518,88.80939916915872,1130338.5643641904,-0.07639269680994365,86.55726894270171,71.04871639286378,73.07119229108358,54.61451298915164
2024-09-27,91.55506023284418,95.78434613103792,91.56971963032623,93.31351536900415,1004337.6666879659,0.05071666109649331,87.46390878696941,71.77721612900692,73.05796522852478,55.252536788759414
2024-09-28,80.64862356536453,84.04310376078436,81.09203200967639,81.53587419652256,910260.7428220572,-0.12621581263879555,87.55640435336133,72.34415457726122,72.98243662709828,44.28498494485677
2024-09-29,88.69871687653551,92.05494224530712,87.19638091722469,89.8531479749467,1024623.3701737932,0.10200753791364714,88.06898862401863,72.96102809100981,72.97082712948222,54.450115134983356
2024-09-30,88.52828174314834,88.27896177969205,87.04458460945857,88.29570430836782,810536.3802721795,-0.017333212042978552,88.56337092936623,73.48270770708065,72.95025412271855,51.477174231397406
2024-10-01,83.15283462184597,86.3185463102682,82.62787081285114,83.81368107573023,1153326.5094133897,-0.05076150949523406,88.68151445220485,73.76025210811277,72.88795187507196,50.41628224748122
2024-10-02,84.19482420074338,87.59327978524064,82.32214185081492,85.09328210620376,675852.6626583938,0.01526720953011651,88.7586699811072,74.1861294026119,72.80075518464272,51.39264559071342
2024-10-03,80.5030199023099,83.7799669337558,81.0347132677486,81.28606367814473,1000929.9095610213,-0.04474170385515619,88.46088482542513,74.61127154193383,72.68087499478844,48.66654216700219
2024-10-04,83.74060755519204,85.08558443465475,83.35047352578582,84.73627596690122,1040134.5687522057,0.04244531144253383,88.23480026952937,75.04854924278368,72.57534876359708,44.77726617592499
2024-10-05,93.05197611287251,97.53832959072507,93.00274558816021,94.43245735906501,794210.2175857559,0.11442774988071469,88.77626264230304,75.73077763188218,72.5079185869921,51.4176668221581
2024-10-06,91.54311442342981,93.20819437947885,88.43090588630177,90.74419210552072,1134284.5602839848,-0.03905717754987803,89.00080332078355,76.36991032238525,72.48468806921807,43.1942055147656
2024-10-07,84.35128239112785,87.969273424413,84.7436748753453,86.38952670742559,736525.8606573276,-0.047988364842472486,89.15897853040835,76.96314704591578,72.472460478789,43.49853039010539
2024-10-08,81.7391432854976,83.95587642791894,80.75248040140364,82.60375906270359,644764.9689584571,-0.04382206719968751,89.13440107365223,77.50753187801024,72.4295665883134,44.1197599651271
2024-10-09,94.01033596428667,98.09414332974043,94.02938748845375,96.54811843250607,1103023.6544639529,0.1688102276219352,89.7970407812467,78.39344043685107,72.49271108904927,50.23977503167091
2024-10-10,88.06785299393955,89.61459927732156,86.16069476055557,87.09351748688613,906029.3075178076,-0.09792630969011973,89.54913335148852,78.95617343868388,72.52245041465736,48.97984866811212
2024-10-11,90.17269601297873,93.4448437480866,89.87256132761104,91.0397240885905,1057039.9193675737,0.04530999224251753,89.49235233970616,79.60840809982555,72.55675947178128,48.639124049970654
2024-10-12,88.10711800428275,89.62983283382512,85.93829405471944,88.3344535659889,1006061.5344142052,-0.029715275937887475,88.8643221726705,80.08936076416596,72.57391665109388,54.56469886382257
2024-10-13,93.46054013827435,97.40347639514228,93.20193250360715,94.10374525693265,1032053.7928285513,0.06531190784617125,88.76857703739128,80.77139539887877,72.59994127325162,52.955041594717486
2024-10-14,96.28866489408455,98.15300130573146,93.07048705343578,96.58372813605759,1192422.6707878408,0.026353710708896916,89.03825499632383,81.54677492790609,72.6485143756475,55.68891331339989
2024-10-15,89.80898097660146,94.70588869709108,88.16001667267645,91.3660980522829,1259050.4913294674,-0.05402183353726642,88.79881320494698,82.31557730739932,72.66343058845575,55.13216471646887
2024-10-16,90.30521342579094,91.21800583495381,89.2001560214676,90.52588383737671,1427961.7060444036,-0.009196126712398112,88.88463743835788,82.99460633589791,72.69790005725245,53.713844429351774
2024-10-17,89.54259464682991,92.29000031118368,87.81286704909651,90.05979942996908,1076390.3481549,-0.005148631393038117,88.72195164140612,83.66736258553543,72.71217775267426,56.28502510954846
2024-10-18,86.34988980416406,87.65251598351509,86.04476202453715,87.36560458803814,984613.4382074763,-0.0299156211648679,89.0134381609819,84.24190019009437,72.71694564098877,51.9041318202475
2024-10-19,82.99574816312028,83.69365037742843,81.34824311861902,82.91309068682287,811192.4613049016,-0.05096415142103761,88.66643529657571,84.61104679056746,72.69132597393138,40.97214842734988
2024-10-20,80.537931114893,80.75025668362383,78.14843292608053,79.78064543060859,1165264.6802745615,-0.03777986359290442,88.24068235268774,84.85129549905501,72.69315378416745,41.332236617608174
2024-10-21,81.51495728277513,83.19946099507327,79.5569118902097,81.20584280498953,1034734.2332815239,0.0178639489150354,88.1102904391507,85.22491602677924,72.66669919015035,45.70273522553766
2024-10-22,82.23902128195431,84.91946158233782,82.62721865545568,83.7204283251554,1390279.3945117719,0.030965573822125947,88.04164775009829,85.71955021753327,72.679732649296,50.94564745278549
2024-10-23,77.0395005955475,81.15423248401787,77.24025363032672,78.38545610816794,1146686.9034520397,-0.06372366128213491,87.89661737159945,86.08603613676235,72.64867108171812,31.99334390729075
2024-10-24,66.73049505742692,69.0877323760584,65.54642712635018,67.57085159555359,775897.2279248155,-0.13796697818139558,87.03834615303208,86.14958051723133,72.59634948558106,31.153251639301743
2024-10-25,64.29958508784952,66.3216531311278,64.58369279380624,65.77912580174282,1319646.1115020197,-0.026516252962670572,85.60567957516596,86.01612308587711,72.53825286052647,24.555546819991477
2024-10-26,61.00775075354085,62.5606179148959,60.312645269087184,61.25244415305754,1431885.5034138584,-0.06881638503875265,84.1310921775428,85.73742833090596,72.45677978317319,23.686412771895988
2024-10-27,68.43584840559153,69.6188888695011,67.90829200650526,68.46332970250593,790863.572314142,0.11772404594059682,83.23478232729681,85.60308055528304,72.39001029682603,25.76598981419903
2024-10-28,71.46465897042236,71.76554954831138,70.38511443636132,71.04645486734144,824615.9902915278,0.03773005455708889,82.6569171175287,85.4302903952562,72.33788990049949,25.91044195345131
2024-10-29,75.39588619487863,75.72607446424564,72.85574258432037,74.61825986999766,842962.9790170407,0.05027421859859893,81.56042418940329,85.33062634142014,72.31907445785238,33.69533418011753
2024-10-30,74.11441782657472,75.64930469105006,74.1613800132507,74.37200938635527,1155738.5435796166,-0.0033001370451604117,80.92434878437675,85.24990536511893,72.24812455971019,34.08957781566933
2024-10-31,73.83212796209479,77.49327066570535,72.67322276892064,75.0795435790142,958085.2758480597,0.009513447310309342,80.12633975889794,85.12248002432005,72.19471305615725,35.3153524075114
2024-11-01,78.66480943068531,80.97273959249948,77.8779258521733,79.24387516606853,1259547.8226218866,0.055465595401119616,79.6718108389019,85.03635409707829,72.13701783464408,42.26157905259555
2024-11-02,80.50599586291061,81.59667616533265,79.01536180427244,81.29895167702234,796127.0462903264,0.02593356908211586,79.0315711599064,84.91749779478303,72.07125861722673,48.388414412644195
2024-11-03,76.25807722829238,77.84938316203844,74.22292176440428,75.5375009491717,735727.8467143157,-0.07086746641874608,77.97925980056212,84.64308847207012,71.97371713859847,45.974874530558374
2024-11-04,73.98773872240122,76.18676992694819,72.72349509198133,74.46751153660882,1126857.0843759312,-0.014165009420722852,77.13433047477841,84.46037450473047,71.86317008258087,43.56452456409654
2024-11-05,75.52524148216715,79.97842405675735,78.27329721630812,77.01252164977637,1245835.9116218507,0.03417611332314219,76.45866236539838,84.27555736700779,71.76215039701643,43.59730259996785
2024-11-06,84.33298440975346,88.15434318745218,84.71487641889841,85.43175467396722,972217.5797589619,0.10932291066222066,76.2272601275983,84.31967201018855,71.72124938933484,56.35171288218814
2024-11-07,91.61897911726909,94.09169876290329,89.24849950966635,91.88312047975077,836552.2911916475,0.07551484609445125,76.45313592218392,84.49542825582702,71.74523826359756,73.78683435583018
2024-11-08,91.77820673292415,93.64705162248534,90.31589130020443,92.99800395224598,1047377.4449768956,0.012133713642658694,76.95738158545508,84.68948184925962,71.74357754144377,76.98806397695802
2024-11-09,98.03442480166551,101.96101253432664,98.60088710880305,100.18081724525737,988793.0947273534,0.07723620924917629,77.97739017618753,84.85206487252378,71.79983469898842,86.6669365947971
2024-11-10,91.26657742227961,93.81257837510375,92.11831785736155,93.12046187950651,1188422.7164772989,-0.07047612067753528,78.57312112991337,84.87096722362917,71.89185584157563,73.29079001880487
2024-11-11,89.54418479732765,92.91656272830488,90.64505401939668,92.03504326817436,781240.4452513007,-0.011656069884367848,78.98885187706432,84.69376695085859,71.99588666050145,70.40281636007447
2024-11-12,91.6095102291981,94.07290014712235,90.43478360261722,91.7670308716751,1153699.8034073275,-0.0029120690009164507,79.65793061523968,84.60873460904176,72.10325372496122,67.8144155468797
2024-11-13,90.37487785806235,92.25828069731776,89.07334553662315,90.64327321998668,1097700.9225606401,-0.012245766709613415,80.81155169646134,84.59779669429335,72.1915513230824,66.60020277286817
2024-11-14,89.7062323868942,93.33768891775415,89.90140828964444,90.98786689622433,729831.1604419162,0.003801646432177508,82.0719887511854,84.49445535462146,72.28849299922928,66.35101338467078
2024-11-15,93.99077056470664,97.1869674716368,95.13709168496334,95.98621990817598,849449.7067017852,0.05493428060746264,83.80867753894134,84.63799176940178,72.41048921187543,66.91818796421708
2024-11-16,89.40331482341576,92.25554811687961,86.81240944759072,90.3000049185802,1239102.3751699305,-0.059239909593642004,84.90051129974503,84.57772156039331,72.51115534911395,58.473740576196825
2024-11-17,94.1408023389824,97.1813715271198,93.5949442401011,95.041095805192,1106964.8030870073,0.0525037721856898,86.10024334663757,84.8478259925667,72.64955984999297,68.72066241601446
2024-11-18,103.89965906139318,107.82205699736441,101.7546806216821,104.710386861318,1116013.9406638946,0.10173800053763449,87.60484969620359,85.14497077029414,72.84405029918143,74.91570218377535
2024-11-19,94.50235863834186,98.19729623902646,93.79098744787652,96.85664864896788,818901.015253224,-0.07500438540783816,88.72908165933421,85.31618965710614,72.99893884672763,65.03362966212762
2024-11-20,88.89545092931402,91.62819294981689,87.36327931996743,89.59235900823495,1061140.0301957608,-0.07500042322402134,89.45472243079526,85.43176321575622,73.09798849115569,53.20815565721691
2024-11-21,89.47004657998059,92.93957672101399,89.55671700438383,91.74830030269007,794642.4874692293,0.024063896947472463,90.07994368762634,85.56486357968595,73.19192543015112,49.88866808221767
2024-11-22,87.05032451145983,93.34547365743897,87.69083371569135,90.275593622738,1112076.5364031708,-0.01605159632487374,90.52877578491211,85.74465417857782,73.26477839563213,47.76509330022425
2024-11-23,99.4416324718663,103.88007350527752,98.28705037796863,100.59228041741673,1002344.2303068627,0.11427991088922873,91.78151475832436,86.06177426758812,73.4092623933587,50.321252560247224
2024-11-24,102.24044491020666,105.49355301400871,101.39831414343392,104.15575269038555,626087.0912204366,0.03542490793708897,93.2659268160132,86.25624017421454,73.5839741343179,59.11351224065544
2024-11-25,111.22551320880243,113.18259133040593,108.15313782843421,112.04421778059992,1159602.3215738577,0.0757372001685177,95.0175116225544,86.68224068771613,73.81064275550361,64.85536794411524
2024-11-26,110.74843085514473,114.20673983070832,108.83503249676097,112.08468539509755,1214831.6785084507,0.00036117539395807974,96.3501581586109,87.19614386146955,74.00757929092114,65.13553068067057
2024-11-27,112.47127002037175,116.7038695622103,111.51640813864641,113.73426166524142,1076337.5926584692,0.01471723156762339,97.44271521788542,87.81875391352031,74.1863562979441,67.06780017077563
2024-11-28,105.19314106549453,109.73780150053976,105.64434811567644,107.49810850667518,1251288.3495566854,-0.05483091082018321,98.16772044560688,88.0377537150037,74.30061537103953,61.22589021505731
2024-11-29,100.1524084230812,104.77934851503161,100.49459779400301,102.80719788575095,1111145.0144712422,-0.04363714567715338,98.29903947763157,88.35202732298099,74.44452260467847,54.65729256906257
2024-11-30,103.66720122087227,106.64571533003597,100.89197365057329,104.45693769269309,1106659.8207795278,0.0160469290173193,98.8658632682909,88.62037159506305,74.63346319518416,60.23010207680305
2024-12-01,103.47476440554787,108.22943710802654,105.97572903749445,106.61789802044254,1203232.336792847,0.02068757112243591,99.59500600590431,88.98604048415213,74.81554539534612,58.68967520821842
2024-12-02,115.0498916888478,116.62579716862292,112.77016682992476,114.4945521452687,1432844.7315658608,0.07387740961949851,100.73138206958399,89.39385662191884,75.07089594230523,57.547208594877546
2024-12-03,109.7567124627494,111.99894163837335,106.51889478675737,110.1548412481489,1121645.11302168,-0.03790320863139107,101.70696047099209,89.66527888416066,75.283490722963,60.84579826609897
2024-12-04,113.42977343049269,114.27308873409008,110.50832793529428,113.66721713800356,861736.7834674083,0.03188580592606227,102.84092798308106,90.11130126587508,75.5029758227514,70.9150824195379
2024-12-05,117.52093710197995,121.35396191130707,116.45720710038634,117.36875659708733,1114478.5354415942,0.032564705570206076,103.91005481752663,90.64815872106928,75.73293414841305,71.67572602628834
2024-12-06,113.97274928937277,117.25123602257149,113.53000883145367,114.85131772447522,1006963.9227962759,-0.02144896943276109,105.13762045782137,91.14398908695942,75.93372643797493,70.43068495549977
2024-12-07,109.71361744969408,115.92314916821347,109.84257421277051,111.74103292534389,1227065.8079526685,-0.02708096746954891,105.97261731382898,91.63149765370554,76.13081088721692,60.530059055619155
2024-12-08,107.37424088718402,112.45094350315993,106.32739578175769,109.71181283603538,768430.8298121181,-0.018160026233731585,106.22268861256484,92.16747209668978,76.27117291267228,55.40436008019336
2024-12-09,102.2461009891637,104.17673346156221,101.13605699397341,103.66020749333816,753416.0256818278,-0.05515910444157324,106.56286655478337,92.64506333794435,76.36860745555634,41.54268803731075
2024-12-10,103.15805278307782,104.9786858529352,104.26010621929724,104.85301201848173,1154362.3905667218,0.01150686993579697,107.3258992052957,93.11800672221422,76.48619482997238,42.870840259538944
2024-12-11,102.03253397138428,104.83908159667295,101.4774752089747,102.44136558155904,1314282.5390689424,-0.023000259034023807,107.86055246923914,93.49242546734229,76.61470338448841,39.031986213495564
2024-12-12,99.01082741482469,104.45485834473409,100.01066844110564,102.69839021352072,909107.6047071617,0.002508992636934826,108.48169229877826,93.97868414944935,76.78205584757728,44.72580636858197
2024-12-13,109.21937220709985,112.29827543090356,106.54213389203751,109.81912752401914,823151.7621561284,0.06933640630289961,108.9430346541084,94.82364966801865,76.97253077192362,57.314494811284874
2024-12-14,107.83739048590952,112.36881415640376,107.43780272442245,109.94666644833407,1039073.336799306,0.0011613543759674272,109.23258034200583,95.70700048095048,77.13286202509947,55.91443974954871
2024-12-15,115.49931159132048,119.5398773352019,115.04943755964743,116.93822936353533,1070852.8241256757,0.06359049474671186,109.4772809211526,96.82071618516004,77.31074901397022,60.0705525915862
2024-12-16,107.97808982703063,112.28734300103277,106.20802815391156,110.21915582079127,1226742.9121598308,-0.057458314353776685,109.38400444243727,97.65583270752575,77.44313626216524,45.73165188237937
2024-12-17,111.39735095549125,112.41220535758772,106.94441113740696,110.85521096594974,1080880.4155778126,0.005770822144497645,109.2400519074727,98.4520078294979,77.59105363421753,50.75505197270169
2024-12-18,106.51892019026194,110.1118534680853,108.56555688853783,108.28382432959296,1050380.715258192,-0.02319590223996415,109.27933769861859,99.1253191186898,77.7574977398475,44.07610100705425
2024-12-19,109.31649123218125,110.78805850156158,108.08221618411943,110.20489535642795,1032195.969625969,0.017741071103913653,109.64922257215244,99.84197683809127,77.95918383534637,41.795373747179845
2024-12-20,107.0189928037432,112.10204531952242,106.29684712310294,108.48889772752443,875664.0096247974,-0.015570974622802325,109.85082057389403,100.51016392106149,78.18898847755621,42.57698027410209
2024-12-21,99.62172688976527,99.43417977367758,97.7104893153878,99.16618205217411,1042696.3861279386,-0.08593243982222787,109.47823477548059,100.9086100587836,78.41933205954919,37.1864166495021
2024-12-22,97.2018263594072,99.63462948980842,95.36247234426278,97.01860892606432,1166196.916241265,-0.02165630542254715,108.60443761452036,101.22300320376442,78.61671865347179,37.09693886325937
2024-12-23,93.29172114671908,96.04498930518946,90.3422112852228,94.31080108829079,1227622.5275259789,-0.0279101903000597,107.81223560652745,101.59846920654681,78.77427673168619,39.80279720930123
2024-12-24,93.59813307767352,98.87122386584227,95.04188263585966,95.9248062939179,1161999.8984117964,0.017113683554825565,106.92511506432318,102.02761510169299,78.97834657413297,40.35084742840946
2024-12-25,97.483462770439,99.5994739955895,94.8108565723337,97.3185202146741,703820.750565818,0.014529233621653592,105.92260324520251,102.43373507299094,79.21191760876415,44.33892992759386
2024-12-26,97.83132534582393,98.42629132433115,94.9464661429643,97.28544290211704,694734.8175641354,-0.00033988713026145145,105.04430950408462,102.67080883755393,79.40269041320217,43.98859524866088
2024-12-27,95.07065183446028,96.82324358648324,92.95181822700505,95.21981711914361,794754.7527216875,-0.021232629685941196,104.2182487137746,102.73754277034179,79.56525624513785,31.735887558907066
2024-12-28,101.6845798481443,102.32115847286626,98.22304052042821,100.28884653286116,1213839.7602130002,0.0532350257234262,103.74710039861588,102.8833596219541,79.74805394988378,39.24727173780059
2024-12-29,99.42834132852016,100.90813066729045,97.95749992671252,100.10121708351119,1165143.2931265396,-0.0018708904911822755,103.56915087812453,102.88176761871917,79.88006638765165,27.90694453002881
2024-12-30,101.48447942665777,105.75083881583164,100.71357475405611,102.34191840208331,958475.2865203139,0.0223843563930175,103.4435961973046,103.0661967491707,80.00068528892893,38.28711981792819
2024-12-31,96.90558834689863,100.16865455033766,98.15234000040458,98.93505920761605,959875.0582423686,-0.03328899093998128,103.26828087860744,103.20419706795954,80.0905241138659,33.624902633328546
